<?xml version="1.0" encoding="UTF-8"?>
<!DOCTYPE mapper PUBLIC
        "-//mybatis.org//DTD Mapper 3.0//EN"
        "http://mybatis.org/dtd/mybatis-3-mapper.dtd">
        
<mapper namespace="com.example.persistence.CMSMapper">
	<insert id="insert">
		INSERT INTO cms_info(name, path_no, title, keyword        
		, description, header, main, footer, inp_date, upd_date) 
 		VALUES(#{name}, #{pathNo}, #{title}, #{keyword}
		, #{description}, #{header}, #{main}, #{footer}
		, CURRENT_TIMESTAMP, CURRENT_TIMESTAMP);
	</insert>	
	<select id="select" resultType="com.example.domain.ContentInfo">
        SELECT * FROM cms_info 
        ORDER BY id
    </select>
    <select id="selectById" resultType="com.example.domain.ContentInfo">
        SELECT * FROM cms_info 
        WHERE id = #{id}
    </select>
    <select id="selectAll" resultType="com.example.domain.ContentInfo">
        SELECT * FROM cms_info;
    </select>
    <select id="selectByPathNo" resultType="com.example.domain.ContentInfo">
    	SELECT * FROM cms_info WHERE path_no = #{pathNo}
	</select>
    <update id="update">
    	UPDATE cms_info
    	SET name = #{name}
    	    , path_no = #{pathNo}
    	    , title = #{title}
    	    , keyword = #{keyword}
    	    , description = #{description}
    	    , header = #{header}
    	    , main = #{main}
    	    , footer = #{footer}
    	WHERE id = #{id}
    </update>
    <delete id="delete">
        DELETE FROM cms_info WHERE id = #{id}
    </delete>
    <select id="countCMSUser" resultType="_int">
    	SELECT COUNT(*) FROM cms_user
    	<where>
    		<if test="userName != ''">
    			user_name = #{userName}
    		</if>
    		<if test="password != ''">
    			AND passwd = #{password}
    		</if>
    	</where>
    </select>
    <select id="countContent" resultType="_int">
    	SELECT COUNT(*) FROM cms_info
    	<where>
    		<if test="pathNo != ''">
    			path_no = #{pathNo}
    		</if>
    	</where>
    </select>
    <select id="countContent2" resultType="_int">
    	SELECT COUNT(*) FROM cms_info
    	<where>
    		<if test="id != ''">
    			id != #{id} AND
    		</if>
    		<if test="pathNo != ''">
    			path_no = #{pathNo}
    		</if>
    	</where>
    </select>
	<select id="selectPathNo" resultType="java.lang.String">
    	SELECT path_no FROM cms_info
    	<where>
    		<if test="id != ''">
    			id = #{id}
    		</if>
    	</where>
    </select>
</mapper>