<?xml version="1.0" encoding="UTF-8"?>
<!DOCTYPE mapper PUBLIC
        "-//mybatis.org//DTD Mapper 3.0//EN"
        "http://mybatis.org/dtd/mybatis-3-mapper.dtd">
        
<mapper namespace="com.example.persistence.NamecardInputMapper">
	<insert id="insert">
        INSERT INTO namecard(firstname_Ch, lastname_Ch, firstname_Kana, lastname_Kana
        , company, phone, mail, inp_date, upd_date) 
        VALUES(#{firstnameCh}, #{lastnameCh}, #{firstnameKana}, #{lastnameKana}
        , #{company}, #{phone}, #{mail}, CURRENT_TIMESTAMP, CURRENT_TIMESTAMP)
    </insert>
    <select id="select" resultType="com.example.domain.NamecardInput">
        SELECT * FROM namecard 
        ORDER BY id
    </select>
    <delete id="delete">
        DELETE FROM namecard WHERE id = #{id}
    </delete>
    <select id="selectById" resultType="com.example.domain.NamecardDto">
        SELECT * FROM namecard 
        WHERE id = #{id}
    </select>
    <update id="update">
    	UPDATE namecard
    	SET firstname_Ch = #{firstnameCh}
    	    , lastname_Ch = #{lastnameCh}
    	    , firstname_Kana = #{firstnameKana}
    	    , lastname_Kana = #{lastnameKana}
    	    , company = #{company}
    	    , phone = #{phone}
    	    , mail = #{mail}
    	    , upd_date = CURRENT_TIMESTAMP 
    	WHERE id = #{id}
    </update>
</mapper>
        